{
    "replace": false,
    "values": [
        {
            "id": "minecraft:leather_helmet",
            "required": false
        },
        {
            "id": "minecraft:chainmail_helmet",
            "required": false
        },
        {
            "id": "minecraft:iron_helmet",
            "required": false
        },
        {
            "id": "minecraft:diamond_helmet",
            "required": false
        },
        {
            "id": "minecraft:golden_helmet",
            "required": false
        },
        {
            "id": "minecraft:netherite_helmet",
            "required": false
        },
        {
            "id": "tconstruct:plate_helmet",
            "required": false
        },
        {
            "id": "quark:forgotten_hat",
            "required": false
        }
    ]
    
}