{
    "type": "origins:action_over_time",
    "interval": 1,
    "condition": {
        "type": "origins:block_in_radius",
        "block_condition": {
            "type": "origins:in_tag",
            "tag": "deer:noise"
        },
        "radius": 5,
        "shape": "sphere"
    },
    "entity_action": {
        "type": "origins:apply_effect",
        "effect": {
            "effect": "minecraft:haste",
            "amplifier": 1,
            "duration": 2
        }
    },
    "name": "A Bardic History",
    "description": "You become a faster fiddler when within range of a musical block."
}